{
  "model_path": "models\\snake_model_20250918_204034.pth",
  "episodes": 500,
  "average_score": 17.516,
  "best_score": 41,
  "success_rate": 100.0,
  "evaluation_time": 80.88964223861694,
  "episodes_per_second": 6.181261112826366,
  "all_scores": [
    21,
    2,
    29,
    17,
    30,
    21,
    2,
    23,
    15,
    8,
    14,
    15,
    26,
    9,
    20,
    22,
    7,
    22,
    16,
    31,
    33,
    19,
    20,
    24,
    13,
    27,
    7,
    19,
    12,
    22,
    17,
    23,
    17,
    8,
    9,
    7,
    15,
    21,
    21,
    16,
    19,
    6,
    19,
    18,
    19,
    11,
    16,
    15,
    15,
    15,
    11,
    18,
    19,
    10,
    17,
    20,
    17,
    26,
    20,
    17,
    35,
    23,
    26,
    12,
    9,
    11,
    19,
    4,
    40,
    16,
    16,
    10,
    12,
    1,
    21,
    15,
    20,
    4,
    27,
    6,
    18,
    16,
    14,
    15,
    23,
    18,
    28,
    2,
    16,
    21,
    11,
    17,
    26,
    30,
    21,
    17,
    27,
    16,
    2,
    30,
    1,
    19,
    14,
    17,
    23,
    28,
    19,
    18,
    22,
    11,
    18,
    3,
    26,
    21,
    8,
    26,
    20,
    17,
    12,
    10,
    16,
    16,
    22,
    14,
    2,
    4,
    22,
    1,
    27,
    23,
    4,
    26,
    18,
    26,
    11,
    28,
    28,
    6,
    32,
    37,
    22,
    26,
    12,
    11,
    17,
    1,
    8,
    10,
    23,
    23,
    20,
    11,
    18,
    24,
    16,
    15,
    11,
    14,
    2,
    15,
    13,
    15,
    23,
    18,
    14,
    17,
    2,
    7,
    1,
    2,
    23,
    14,
    18,
    2,
    25,
    1,
    38,
    25,
    34,
    22,
    8,
    22,
    13,
    20,
    15,
    34,
    20,
    14,
    12,
    22,
    23,
    14,
    4,
    10,
    11,
    36,
    18,
    33,
    17,
    3,
    36,
    10,
    16,
    8,
    22,
    27,
    17,
    7,
    26,
    24,
    19,
    30,
    4,
    22,
    16,
    32,
    8,
    2,
    23,
    17,
    11,
    12,
    11,
    31,
    30,
    24,
    22,
    11,
    20,
    17,
    5,
    23,
    16,
    10,
    18,
    19,
    25,
    34,
    21,
    20,
    27,
    17,
    24,
    17,
    12,
    25,
    29,
    24,
    26,
    17,
    28,
    23,
    21,
    16,
    22,
    27,
    34,
    35,
    9,
    14,
    12,
    1,
    10,
    21,
    2,
    28,
    20,
    12,
    1,
    26,
    26,
    23,
    16,
    15,
    29,
    17,
    14,
    25,
    1,
    15,
    17,
    27,
    19,
    16,
    22,
    18,
    23,
    18,
    11,
    19,
    20,
    21,
    2,
    18,
    14,
    30,
    28,
    25,
    2,
    14,
    26,
    1,
    21,
    5,
    16,
    20,
    18,
    17,
    8,
    15,
    8,
    18,
    6,
    5,
    26,
    30,
    22,
    12,
    15,
    22,
    20,
    10,
    15,
    3,
    13,
    16,
    4,
    9,
    8,
    23,
    30,
    14,
    26,
    25,
    32,
    26,
    32,
    29,
    27,
    20,
    29,
    16,
    30,
    17,
    31,
    1,
    23,
    19,
    16,
    1,
    19,
    23,
    31,
    26,
    24,
    18,
    24,
    26,
    20,
    17,
    16,
    23,
    31,
    24,
    17,
    23,
    19,
    17,
    26,
    2,
    22,
    12,
    5,
    24,
    21,
    19,
    13,
    16,
    20,
    22,
    25,
    27,
    23,
    31,
    1,
    9,
    22,
    27,
    18,
    19,
    2,
    5,
    26,
    2,
    20,
    24,
    15,
    1,
    28,
    13,
    1,
    20,
    41,
    12,
    24,
    18,
    19,
    15,
    24,
    30,
    11,
    23,
    28,
    15,
    25,
    19,
    19,
    33,
    17,
    24,
    17,
    14,
    23,
    26,
    14,
    12,
    21,
    6,
    16,
    2,
    11,
    32,
    15,
    19,
    1,
    19,
    17,
    17,
    32,
    16,
    27,
    19,
    24,
    17,
    3,
    29,
    20,
    22,
    14,
    1,
    26,
    10,
    21,
    31,
    2,
    9,
    21,
    29,
    29,
    20,
    12,
    2,
    10,
    5,
    18,
    26,
    9,
    7,
    27,
    2,
    5,
    5,
    36,
    13,
    27,
    19,
    23,
    7,
    18,
    2,
    9,
    29,
    15,
    30,
    11,
    1,
    13,
    16,
    11,
    2,
    1,
    1,
    15,
    34,
    38,
    12,
    17,
    21,
    8,
    13
  ],
  "timestamp": "20250918_205643"
}